{
  "angles_deg": [
    -90.0,
    -89.0,
    -88.0,
    -87.0,
    -86.0,
    -85.0,
    -84.0,
    -83.0,
    -82.0,
    -81.0,
    -80.0,
    -79.0,
    -78.0,
    -77.0,
    -76.0,
    -75.0,
    -74.0,
    -73.0,
    -72.0,
    -71.0,
    -70.0,
    -69.0,
    -68.0,
    -67.0,
    -66.0,
    -65.0,
    -64.0,
    -63.0,
    -62.0,
    -61.0,
    -60.0,
    -59.0,
    -58.0,
    -57.0,
    -56.0,
    -55.0,
    -54.0,
    -53.0,
    -52.0,
    -51.0,
    -50.0,
    -49.0,
    -48.0,
    -47.0,
    -46.0,
    -45.0,
    -44.0,
    -43.0,
    -42.0,
    -41.0,
    -40.0,
    -39.0,
    -38.0,
    -37.0,
    -36.0,
    -35.0,
    -34.0,
    -33.0,
    -32.0,
    -31.0,
    -30.0,
    -29.0,
    -28.0,
    -27.0,
    -26.0,
    -25.0,
    -24.0,
    -23.0,
    -22.0,
    -21.0,
    -20.0,
    -19.0,
    -18.0,
    -17.0,
    -16.0,
    -15.0,
    -14.0,
    -13.0,
    -12.0,
    -11.0,
    -10.0,
    -9.0,
    -8.0,
    -7.0,
    -6.0,
    -5.0,
    -4.0,
    -3.0,
    -2.0,
    -1.0,
    0.0,
    1.0,
    2.0,
    3.0,
    4.0,
    5.0,
    6.0,
    7.0,
    8.0,
    9.0,
    10.0,
    11.0,
    12.0,
    13.0,
    14.0,
    15.0,
    16.0,
    17.0,
    18.0,
    19.0,
    20.0,
    21.0,
    22.0,
    23.0,
    24.0,
    25.0,
    26.0,
    27.0,
    28.0,
    29.0,
    30.0,
    31.0,
    32.0,
    33.0,
    34.0,
    35.0,
    36.0,
    37.0,
    38.0,
    39.0,
    40.0,
    41.0,
    42.0,
    43.0,
    44.0,
    45.0,
    46.0,
    47.0,
    48.0,
    49.0,
    50.0,
    51.0,
    52.0,
    53.0,
    54.0,
    55.0,
    56.0,
    57.0,
    58.0,
    59.0,
    60.0,
    61.0,
    62.0,
    63.0,
    64.0,
    65.0,
    66.0,
    67.0,
    68.0,
    69.0,
    70.0,
    71.0,
    72.0,
    73.0,
    74.0,
    75.0,
    76.0,
    77.0,
    78.0,
    79.0,
    80.0,
    81.0,
    82.0,
    83.0,
    84.0,
    85.0,
    86.0,
    87.0,
    88.0,
    89.0,
    90.0
  ],
  "mag_lin": [
    1.0,
    0.9949900896246929,
    0.9758232299571572,
    0.9428754045470752,
    0.8968370210005714,
    0.8387225105893444,
    0.769877269242111,
    0.6919750729079902,
    0.6069995555970765,
    0.5172064187091114,
    0.42506990296507946,
    0.33323231429348404,
    0.2445208559748508,
    0.16229533234437102,
    0.09267934822027145,
    0.06360194735425213,
    0.09730647350153748,
    0.1410639285312193,
    0.1790195259913502,
    0.20786708798976442,
    0.22680189732664693,
    0.23586285134342289,
    0.23553918340509858,
    0.22662871258873263,
    0.21016709829885394,
    0.18864714656313775,
    0.1657064710819212,
    0.13897770614039506,
    0.11036252423695314,
    0.08335606905161341,
    0.06517226916423856,
    0.06571487987893504,
    0.08592025940356177,
    0.11310514502299379,
    0.13929096347555175,
    0.1625189269090702,
    0.18181084700001413,
    0.1966434738975757,
    0.20677729092634264,
    0.21218977166889255,
    0.21304507947082485,
    0.2096803948589052,
    0.20260428272220615,
    0.19250872568370228,
    0.18029944125984046,
    0.16714800351520231,
    0.15455560359616463,
    0.14437211331435904,
    0.13862652160323286,
    0.13901050726271857,
    0.1461891717592219,
    0.16264833365793413,
    0.1861027080818499,
    0.21030508230250494,
    0.23339893594737626,
    0.2542871608899212,
    0.2725758681162444,
    0.2961956074273584,
    0.32000206207212406,
    0.3429185319384765,
    0.36476384956113356,
    0.38541771828494986,
    0.4048061250799199,
    0.4228905237607214,
    0.43965969213061756,
    0.4551235661313536,
    0.46930858654785823,
    0.48225422080713476,
    0.4940103862979248,
    0.5046355300177434,
    0.5141951302503399,
    0.5227603916388671,
    0.5304069143300901,
    0.5372131376889773,
    0.5432583948186122,
    0.5486204695786421,
    0.553372624535773,
    0.5575801645791324,
    0.5612967107265364,
    0.5645604709284493,
    0.567390893918765,
    0.569786160158531,
    0.5717219829980691,
    0.5731521501322127,
    0.5740111249164985,
    0.5742188533442837,
    0.57368769828129,
    0.5723311663033073,
    0.5700738243468387,
    0.5668615428189947,
    0.5626709681804164,
    0.5575169450093762,
    0.5514565106544163,
    0.544588129623561,
    0.5370450961840771,
    0.5289825983699896,
    0.520558865689044,
    0.5119120912547729,
    0.5031362455761584,
    0.4942601126879787,
    0.4852343840468705,
    0.47593101374286206,
    0.46615716016573566,
    0.45568326690594213,
    0.444281881550026,
    0.4317714261298907,
    0.4180577801251844,
    0.40316628042498304,
    0.3872574076673295,
    0.3706209015998593,
    0.35364552777027997,
    0.3367657281661255,
    0.3203923621403829,
    0.3048420598539996,
    0.2938191625864229,
    0.28513017113992384,
    0.2769230993440165,
    0.26914642876476785,
    0.26170906159832674,
    0.2544838255761699,
    0.2473137494358174,
    0.24002075567995512,
    0.23241617783923196,
    0.22431241331859517,
    0.2155350786468419,
    0.20593521257818803,
    0.19540133433768067,
    0.18387148871719286,
    0.17420223465360757,
    0.1657804034217026,
    0.1557451180587828,
    0.14455750937502523,
    0.13288314917532879,
    0.12139985654092292,
    0.11058945864972852,
    0.10060047767803788,
    0.09127492636011214,
    0.08236485558956896,
    0.07501265763347664,
    0.08123203969785694,
    0.08863668936317283,
    0.09583397366610663,
    0.10180118506827704,
    0.10582828051013947,
    0.10745247373922899,
    0.10641996509609983,
    0.10267325522006406,
    0.0963593403422533,
    0.0878605818101474,
    0.07786096892898574,
    0.067472461754751,
    0.058420022336312605,
    0.053035741452874804,
    0.05326627842757063,
    0.05889828769331285,
    0.06822749482177393,
    0.07987756333457999,
    0.09157025251849832,
    0.10230707286949478,
    0.11091344626123256,
    0.11614925503823367,
    0.11689986734673886,
    0.11238735971575906,
    0.10238275005499327,
    0.0874791707816508,
    0.06971704243291357,
    0.0545198619568609,
    0.05756510943729404,
    0.07963236672322367,
    0.10914904909082349,
    0.14307598003557193,
    0.17962980904821155,
    0.21741268424907098,
    0.25507064024827747,
    0.29119718544730905,
    0.32434644248339567,
    0.35310295947398296,
    0.37618063256810935,
    0.39252993137264536,
    0.40143457221042106,
    0.4025804983826274
  ],