{
  "angles_deg": [
    -90.0,
    -89.0,
    -88.0,
    -87.0,
    -86.0,
    -85.0,
    -84.0,
    -83.0,
    -82.0,
    -81.0,
    -80.0,
    -79.0,
    -78.0,
    -77.0,
    -76.0,
    -75.0,
    -74.0,
    -73.0,
    -72.0,
    -71.0,
    -70.0,
    -69.0,
    -68.0,
    -67.0,
    -66.0,
    -65.0,
    -64.0,
    -63.0,
    -62.0,
    -61.0,
    -60.0,
    -59.0,
    -58.0,
    -57.0,
    -56.0,
    -55.0,
    -54.0,
    -53.0,
    -52.0,
    -51.0,
    -50.0,
    -49.0,
    -48.0,
    -47.0,
    -46.0,
    -45.0,
    -44.0,
    -43.0,
    -42.0,
    -41.0,
    -40.0,
    -39.0,
    -38.0,
    -37.0,
    -36.0,
    -35.0,
    -34.0,
    -33.0,
    -32.0,
    -31.0,
    -30.0,
    -29.0,
    -28.0,
    -27.0,
    -26.0,
    -25.0,
    -24.0,
    -23.0,
    -22.0,
    -21.0,
    -20.0,
    -19.0,
    -18.0,
    -17.0,
    -16.0,
    -15.0,
    -14.0,
    -13.0,
    -12.0,
    -11.0,
    -10.0,
    -9.0,
    -8.0,
    -7.0,
    -6.0,
    -5.0,
    -4.0,
    -3.0,
    -2.0,
    -1.0,
    0.0,
    1.0,
    2.0,
    3.0,
    4.0,
    5.0,
    6.0,
    7.0,
    8.0,
    9.0,
    10.0,
    11.0,
    12.0,
    13.0,
    14.0,
    15.0,
    16.0,
    17.0,
    18.0,
    19.0,
    20.0,
    21.0,
    22.0,
    23.0,
    24.0,
    25.0,
    26.0,
    27.0,
    28.0,
    29.0,
    30.0,
    31.0,
    32.0,
    33.0,
    34.0,
    35.0,
    36.0,
    37.0,
    38.0,
    39.0,
    40.0,
    41.0,
    42.0,
    43.0,
    44.0,
    45.0,
    46.0,
    47.0,
    48.0,
    49.0,
    50.0,
    51.0,
    52.0,
    53.0,
    54.0,
    55.0,
    56.0,
    57.0,
    58.0,
    59.0,
    60.0,
    61.0,
    62.0,
    63.0,
    64.0,
    65.0,
    66.0,
    67.0,
    68.0,
    69.0,
    70.0,
    71.0,
    72.0,
    73.0,
    74.0,
    75.0,
    76.0,
    77.0,
    78.0,
    79.0,
    80.0,
    81.0,
    82.0,
    83.0,
    84.0,
    85.0,
    86.0,
    87.0,
    88.0,
    89.0,
    90.0
  ],
  "values": [
    0.02171457235549268,
    0.026882165332564264,
    0.032401417320554377,
    0.03820209375673876,
    0.04424844117224097,
    0.05052159975594691,
    0.05701164046617056,
    0.06371367893703321,
    0.0706258408984612,
    0.077748127354073,
    0.08508174428775675,
    0.09262868523919479,
    0.10039145804259741,
    0.10837289716379958,
    0.11657602873529778,
    0.12500396911462808,
    0.1336598454222125,
    0.142546730904465,
    0.15166759057029117,
    0.16102523413307182,
    0.17062227427670515,
    0.18046108889079915,
    0.19054378632464727,
    0.20087217297437546,
    0.21144772269286086,
    0.2222715476291158,
    0.2333443701829154,
    0.24466649581469543,
    0.2562377864890611,
    0.2680576345586422,
    0.2801249369178857,
    0.29243806927674987,
    0.30499486042440005,
    0.31779256637466996,
    0.33082784430940004,
    0.3440967262636955,
    0.3575945925292465,
    0.3713161447883565,
    0.38525537903227913,
    0.3994055583626121,
    0.41375918582330284,
    0.4283079774626091,
    0.4430428358780127,
    0.45795382455154793,
    0.47303014333673565,
    0.48826010550980714,
    0.5036311168454845,
    0.5191296572194043,
    0.5347412652736941,
    0.5504505267073805,
    0.566241066767752,
    0.5820955475210069,
    0.5979956704694654,
    0.6139221850574118,
    0.6298549035678914,
    0.6457727228584845,
    0.6616536533157064,
    0.6774748553261419,
    0.6932126834691059,
    0.7088427385324085,
    0.7243399273418102,
    0.739678530278691,
    0.7548322762419765,
    0.7697744246925411,
    0.7844778543041505,
    0.7989151576374095,
    0.8130587411551154,
    0.8268809298112842,
    0.8403540753742623,
    0.8534506675884003,
    0.8661434472401326,
    0.878405520173615,
    0.8902104712985115,
    0.9015324776476226,
    0.9123464195739118,
    0.9226279892235114,
    0.9323537954816741,
    0.9415014646599525,
    0.950049736272643,
    0.9579785533359783,
    0.9652691467118062,
    0.9719041131058948,
    0.9778674864168425,
    0.9831448022125538,
    0.9877231551852549,
    0.9915912495015005,
    0.9947394420193049,
    0.9971597783897644,
    0.9988460220950688,
    0.9997936764989409,
    1.0,
    0.9994640143844655,
    0.9981865064735238,
    0.996170023154302,
    0.9934188598737296,
    0.9899390426636409,
    0.9857383037553775,
    0.9808260508348184,
    0.9752133299860305,
    0.9689127823750953,
    0.9619385947363663,
    0.9543064437422458,
    0.9460334343649774,
    0.9371380323749047,
    0.9276399911636521,
    0.917560273131908,
    0.9069209659386057,
    0.8957451939697231,
    0.8840570254487795,
    0.8718813756752856,
    0.8592439069397486,
    0.8461709257220965,
    0.8326892778324442,
    0.8188262421969883,
    0.8046094240256876,
    0.7900666481208746,
    0.7752258530959136,
    0.7601149872698174,
    0.7447619069870938,
    0.7291942780822368,
    0.7134394811657915,
    0.6975245213548684,
    0.6814759430067263,
    0.6653197499412794,
    0.6490813315590436,
    0.6327853951771825,
    0.6164559048201285,
    0.6001160266148735,
    0.5837880808565432,
    0.5674935007292089,
    0.551252797591776,
    0.5350855326706652,
    0.519010294941048,
    0.5030446849274361,
    0.48720530411298263,
    0.47150774961512004,
    0.4559666137630242,
    0.44059548819948646,
    0.4254069721254721,
    0.4104126843091651,
    0.3956232784916861,
    0.38104846183793195,
    0.36669701610204936,
    0.35257682120189787,
    0.33869488092451,
    0.3250573505141541,
    0.311669565925421,
    0.2985360745552827,
    0.285660667299957,
    0.27304641181462963,
    0.2606956868868392,
    0.2486102178682663,
    0.2367911131457699,
    0.22523890167242758,
    0.21395357162542344,
    0.20293461031324608,
    0.19218104552472015,
    0.1816914886039116,
    0.17146417965817753,
    0.16149703547677796,
    0.15178770097738453,
    0.14233360534246195,
    0.13313202451140607,
    0.12418015244401845,
    0.11547518470670326,
    0.10701441968692084,
    0.09879538550740137,
    0.09081600517262702,
    0.08307481985440823,
    0.0755713027463012,
    0.06830631781642417,
    0.06128281732372226,
    0.054506945802031755,
    0.047989861062605776,
    0.04175086863931925,
    0.035823053461254965,
    0.030263801626822157,
    0.0251749127632387,
    0.020739880887458588,
    0.017279525097491127,
    0.015265098523825904
  ],
  "meta": {
    "project": "D:\\Simulations\\Simulations\\#IFTX\\teste_app.aedt",
    "design": "Pronto_300Mhz_elevacao 1 face",
    "setup": "Auto1 : LastAdaptive",
    "sphere": "3D_Sphere",
    "freq": "",
    "expr": "dB(GainTotal)",
    "quantity": "GainTotal",
    "function": "dB",
    "lin_mode": "field",
    "view_mode": "Both",
    "timestamp": "2026-02-20T11:27:29",
    "setup_sweep": "Auto1 : LastAdaptive",
    "sphere_name": "3D_Sphere",
    "expression": "dB(GainTotal)",
    "primary_sweep": "Theta",
    "Phi": "0deg",
    "theta_to_elev": 0,
    "phi_domain": "-180..180",
    "mode": "VRP",
    "npts": 181,
    "lin_min": 0.015265098523825904,
    "lin_max": 1.0,
    "db_min": -36.326007766755005,
    "db_max": 0.0,
    "angle_alignment": 1,
    "angle_align_method": "shift_no_interp",
    "angle_peak_target_deg": 0.0,
    "angle_peak_before_deg": 0.0,
    "angle_peak_after_deg": 0.0,
    "angle_shift_deg": 0.0
  }
}