{
  "angles_deg": [
    -90.0,
    -89.0,
    -88.0,
    -87.0,
    -86.0,
    -85.0,
    -84.0,
    -83.0,
    -82.0,
    -81.0,
    -80.0,
    -79.0,
    -78.0,
    -77.0,
    -76.0,
    -75.0,
    -74.0,
    -73.0,
    -72.0,
    -71.0,
    -70.0,
    -69.0,
    -68.0,
    -67.0,
    -66.0,
    -65.0,
    -64.0,
    -63.0,
    -62.0,
    -61.0,
    -60.0,
    -59.0,
    -58.0,
    -57.0,
    -56.0,
    -55.0,
    -54.0,
    -53.0,
    -52.0,
    -51.0,
    -50.0,
    -49.0,
    -48.0,
    -47.0,
    -46.0,
    -45.0,
    -44.0,
    -43.0,
    -42.0,
    -41.0,
    -40.0,
    -39.0,
    -38.0,
    -37.0,
    -36.0,
    -35.0,
    -34.0,
    -33.0,
    -32.0,
    -31.0,
    -30.0,
    -29.0,
    -28.0,
    -27.0,
    -26.0,
    -25.0,
    -24.0,
    -23.0,
    -22.0,
    -21.0,
    -20.0,
    -19.0,
    -18.0,
    -17.0,
    -16.0,
    -15.0,
    -14.0,
    -13.0,
    -12.0,
    -11.0,
    -10.0,
    -9.0,
    -8.0,
    -7.0,
    -6.0,
    -5.0,
    -4.0,
    -3.0,
    -2.0,
    -1.0,
    0.0,
    1.0,
    2.0,
    3.0,
    4.0,
    5.0,
    6.0,
    7.0,
    8.0,
    9.0,
    10.0,
    11.0,
    12.0,
    13.0,
    14.0,
    15.0,
    16.0,
    17.0,
    18.0,
    19.0,
    20.0,
    21.0,
    22.0,
    23.0,
    24.0,
    25.0,
    26.0,
    27.0,
    28.0,
    29.0,
    30.0,
    31.0,
    32.0,
    33.0,
    34.0,
    35.0,
    36.0,
    37.0,
    38.0,
    39.0,
    40.0,
    41.0,
    42.0,
    43.0,
    44.0,
    45.0,
    46.0,
    47.0,
    48.0,
    49.0,
    50.0,
    51.0,
    52.0,
    53.0,
    54.0,
    55.0,
    56.0,
    57.0,
    58.0,
    59.0,
    60.0,
    61.0,
    62.0,
    63.0,
    64.0,
    65.0,
    66.0,
    67.0,
    68.0,
    69.0,
    70.0,
    71.0,
    72.0,
    73.0,
    74.0,
    75.0,
    76.0,
    77.0,
    78.0,
    79.0,
    80.0,
    81.0,
    82.0,
    83.0,
    84.0,
    85.0,
    86.0,
    87.0,
    88.0,
    89.0,
    90.0
  ],
  "values": [
    0.0217145723554927,
    0.026882165332564264,
    0.032401417320554425,
    0.03820209375673876,
    0.04424844117224102,
    0.05052159975594691,
    0.05701164046617059,
    0.06371367893703321,
    0.07062584089846127,
    0.07774812735407306,
    0.08508174428775671,
    0.09262868523919479,
    0.10039145804259741,
    0.10837289716379964,
    0.11657602873529778,
    0.12500396911462808,
    0.1336598454222125,
    0.142546730904465,
    0.1516675905702912,
    0.161025234133072,
    0.17062227427670515,
    0.18046108889079915,
    0.19054378632464739,
    0.2008721729743755,
    0.21144772269286097,
    0.2222715476291158,
    0.2333443701829154,
    0.24466649581469543,
    0.25623778648906115,
    0.2680576345586421,
    0.2801249369178856,
    0.29243806927675,
    0.30499486042440005,
    0.31779256637466996,
    0.33082784430940015,
    0.3440967262636956,
    0.3575945925292464,
    0.37131614478835656,
    0.38525537903227924,
    0.3994055583626122,
    0.41375918582330296,
    0.42830797746260924,
    0.4430428358780128,
    0.45795382455154804,
    0.4730301433367358,
    0.48826010550980725,
    0.5036311168454846,
    0.5191296572194044,
    0.5347412652736943,
    0.5504505267073805,
    0.566241066767752,
    0.5820955475210069,
    0.5979956704694656,
    0.6139221850574119,
    0.6298549035678915,
    0.6457727228584846,
    0.6616536533157065,
    0.6774748553261422,
    0.6932126834691063,
    0.7088427385324086,
    0.7243399273418103,
    0.7396785302786912,
    0.7548322762419767,
    0.7697744246925413,
    0.7844778543041506,
    0.79891515763741,
    0.8130587411551156,
    0.8268809298112845,
    0.8403540753742625,
    0.8534506675884007,
    0.8661434472401328,
    0.878405520173615,
    0.8902104712985114,
    0.9015324776476227,
    0.9123464195739117,
    0.9226279892235114,
    0.9323537954816743,
    0.9415014646599528,
    0.9500497362726431,
    0.9579785533359787,
    0.9652691467118067,
    0.9719041131058952,
    0.9778674864168427,
    0.9831448022125541,
    0.9877231551852551,
    0.9915912495015005,
    0.9947394420193049,
    0.9971597783897644,
    0.998846022095069,
    0.9997936764989412,
    1.0,
    0.999464014384466,
    0.998186506473524,
    0.9961700231543025,
    0.9934188598737296,
    0.9899390426636411,
    0.9857383037553775,
    0.9808260508348188,
    0.9752133299860307,
    0.9689127823750953,
    0.9619385947363664,
    0.9543064437422463,
    0.9460334343649777,
    0.9371380323749051,
    0.9276399911636519,
    0.9175602731319084,
    0.9069209659386059,
    0.8957451939697234,
    0.8840570254487797,
    0.8718813756752858,
    0.8592439069397491,
    0.8461709257220968,
    0.8326892778324445,
    0.8188262421969886,
    0.8046094240256878,
    0.7900666481208748,
    0.7752258530959137,
    0.7601149872698177,
    0.7447619069870941,
    0.7291942780822368,
    0.7134394811657916,
    0.6975245213548684,
    0.6814759430067264,
    0.6653197499412796,
    0.6490813315590438,
    0.6327853951771826,
    0.6164559048201288,
    0.6001160266148737,
    0.5837880808565433,
    0.567493500729209,
    0.5512527975917763,
    0.5350855326706654,
    0.5190102949410482,
    0.5030446849274363,
    0.4872053041129828,
    0.47150774961512015,
    0.4559666137630242,
    0.4405954881994866,
    0.42540697212547224,
    0.41041268430916517,
    0.39562327849168616,
    0.38104846183793206,
    0.36669701610204936,
    0.35257682120189787,
    0.33869488092451006,
    0.3250573505141541,
    0.3116695659254211,
    0.2985360745552827,
    0.2856606672999571,
    0.27304641181462963,
    0.2606956868868392,
    0.24861021786826634,
    0.2367911131457699,
    0.22523890167242758,
    0.2139535716254235,
    0.20293461031324603,
    0.1921810455247201,
    0.18169148860391166,
    0.17146417965817756,
    0.161497035476778,
    0.15178770097738453,
    0.14233360534246206,
    0.1331320245114061,
    0.12418015244401845,
    0.11547518470670332,
    0.10701441968692095,
    0.09879538550740143,
    0.09081600517262702,
    0.08307481985440823,
    0.07557130274630115,
    0.06830631781642417,
    0.06128281732372232,
    0.054506945802031755,
    0.0479898610626058,
    0.04175086863931927,
    0.035823053461254965,
    0.030263801626822125,
    0.025174912763238674,
    0.020739880887458588,
    0.017279525097491127,
    0.015265098523825888
  ],
  "meta": {
    "project": "D:\\Simulations\\Simulations\\#IFTX\\teste_app.aedt",
    "design": "Pronto_300Mhz_elevacao 1 face",
    "setup": "Auto1 : LastAdaptive",
    "sphere": "3D_Sphere",
    "freq": "",
    "expr": "dB(GainTotal)",
    "quantity": "GainTotal",
    "function": "dB",
    "lin_mode": "field",
    "view_mode": "Both",
    "timestamp": "2026-02-24T15:47:45",
    "setup_sweep": "Auto1 : LastAdaptive",
    "sphere_name": "3D_Sphere",
    "expression": "dB(GainTotal)",
    "primary_sweep": "Theta",
    "Phi": "0deg",
    "theta_to_elev": 0,
    "phi_domain": "-180..180",
    "mode": "VRP",
    "npts": 181,
    "lin_min": 0.015265098523825888,
    "lin_max": 1.0,
    "db_min": -36.32600776675501,
    "db_max": 0.0,
    "angle_alignment": 1,
    "angle_align_method": "shift_no_interp",
    "angle_peak_target_deg": 0.0,
    "angle_peak_before_deg": 0.0,
    "angle_peak_after_deg": 0.0,
    "angle_shift_deg": 0.0
  }
}