{
  "angles_deg": [
    -90.0,
    -89.0,
    -88.0,
    -87.0,
    -86.0,
    -85.0,
    -84.0,
    -83.0,
    -82.0,
    -81.0,
    -80.0,
    -79.0,
    -78.0,
    -77.0,
    -76.0,
    -75.0,
    -74.0,
    -73.0,
    -72.0,
    -71.0,
    -70.0,
    -69.0,
    -68.0,
    -67.0,
    -66.0,
    -65.0,
    -64.0,
    -63.0,
    -62.0,
    -61.0,
    -60.0,
    -59.0,
    -58.0,
    -57.0,
    -56.0,
    -55.0,
    -54.0,
    -53.0,
    -52.0,
    -51.0,
    -50.0,
    -49.0,
    -48.0,
    -47.0,
    -46.0,
    -45.0,
    -44.0,
    -43.0,
    -42.0,
    -41.0,
    -40.0,
    -39.0,
    -38.0,
    -37.0,
    -36.0,
    -35.0,
    -34.0,
    -33.0,
    -32.0,
    -31.0,
    -30.0,
    -29.0,
    -28.0,
    -27.0,
    -26.0,
    -25.0,
    -24.0,
    -23.0,
    -22.0,
    -21.0,
    -20.0,
    -19.0,
    -18.0,
    -17.0,
    -16.0,
    -15.0,
    -14.0,
    -13.0,
    -12.0,
    -11.0,
    -10.0,
    -9.0,
    -8.0,
    -7.0,
    -6.0,
    -5.0,
    -4.0,
    -3.0,
    -2.0,
    -1.0,
    0.0,
    1.0,
    2.0,
    3.0,
    4.0,
    5.0,
    6.0,
    7.0,
    8.0,
    9.0,
    10.0,
    11.0,
    12.0,
    13.0,
    14.0,
    15.0,
    16.0,
    17.0,
    18.0,
    19.0,
    20.0,
    21.0,
    22.0,
    23.0,
    24.0,
    25.0,
    26.0,
    27.0,
    28.0,
    29.0,
    30.0,
    31.0,
    32.0,
    33.0,
    34.0,
    35.0,
    36.0,
    37.0,
    38.0,
    39.0,
    40.0,
    41.0,
    42.0,
    43.0,
    44.0,
    45.0,
    46.0,
    47.0,
    48.0,
    49.0,
    50.0,
    51.0,
    52.0,
    53.0,
    54.0,
    55.0,
    56.0,
    57.0,
    58.0,
    59.0,
    60.0,
    61.0,
    62.0,
    63.0,
    64.0,
    65.0,
    66.0,
    67.0,
    68.0,
    69.0,
    70.0,
    71.0,
    72.0,
    73.0,
    74.0,
    75.0,
    76.0,
    77.0,
    78.0,
    79.0,
    80.0,
    81.0,
    82.0,
    83.0,
    84.0,
    85.0,
    86.0,
    87.0,
    88.0,
    89.0,
    90.0
  ],
  "values": [
    0.02171457235549268,
    0.026882165332564264,
    0.03240141732055441,
    0.03820209375673876,
    0.04424844117224102,
    0.05052159975594694,
    0.05701164046617059,
    0.06371367893703321,
    0.07062584089846127,
    0.07774812735407306,
    0.08508174428775675,
    0.09262868523919479,
    0.10039145804259741,
    0.10837289716379966,
    0.11657602873529778,
    0.12500396911462808,
    0.1336598454222125,
    0.142546730904465,
    0.1516675905702912,
    0.16102523413307193,
    0.1706222742767052,
    0.18046108889079915,
    0.19054378632464733,
    0.2008721729743755,
    0.21144772269286097,
    0.22227154762911586,
    0.2333443701829154,
    0.24466649581469543,
    0.25623778648906115,
    0.2680576345586422,
    0.28012493691788576,
    0.29243806927674987,
    0.30499486042440005,
    0.31779256637466996,
    0.33082784430940015,
    0.3440967262636956,
    0.3575945925292465,
    0.37131614478835656,
    0.38525537903227924,
    0.39940555836261216,
    0.41375918582330284,
    0.42830797746260935,
    0.4430428358780128,
    0.45795382455154804,
    0.4730301433367358,
    0.4882601055098072,
    0.5036311168454847,
    0.5191296572194044,
    0.5347412652736941,
    0.5504505267073805,
    0.5662410667677521,
    0.5820955475210069,
    0.5979956704694657,
    0.6139221850574118,
    0.6298549035678915,
    0.6457727228584846,
    0.6616536533157066,
    0.6774748553261422,
    0.6932126834691063,
    0.7088427385324086,
    0.7243399273418103,
    0.7396785302786912,
    0.7548322762419766,
    0.7697744246925412,
    0.7844778543041506,
    0.7989151576374098,
    0.8130587411551156,
    0.8268809298112841,
    0.8403540753742624,
    0.8534506675884005,
    0.8661434472401327,
    0.8784055201736151,
    0.8902104712985113,
    0.9015324776476227,
    0.912346419573912,
    0.9226279892235113,
    0.9323537954816743,
    0.9415014646599528,
    0.950049736272643,
    0.9579785533359787,
    0.9652691467118064,
    0.971904113105895,
    0.9778674864168425,
    0.9831448022125541,
    0.9877231551852551,
    0.9915912495015005,
    0.9947394420193051,
    0.9971597783897644,
    0.998846022095069,
    0.9997936764989411,
    1.0,
    0.9994640143844657,
    0.9981865064735242,
    0.9961700231543025,
    0.9934188598737296,
    0.9899390426636411,
    0.9857383037553775,
    0.9808260508348188,
    0.9752133299860307,
    0.9689127823750955,
    0.9619385947363663,
    0.954306443742246,
    0.9460334343649777,
    0.9371380323749049,
    0.9276399911636519,
    0.9175602731319081,
    0.9069209659386059,
    0.8957451939697234,
    0.8840570254487796,
    0.8718813756752858,
    0.8592439069397491,
    0.8461709257220966,
    0.8326892778324444,
    0.8188262421969887,
    0.8046094240256878,
    0.7900666481208746,
    0.7752258530959137,
    0.7601149872698179,
    0.7447619069870941,
    0.7291942780822369,
    0.7134394811657917,
    0.6975245213548686,
    0.6814759430067261,
    0.6653197499412795,
    0.6490813315590436,
    0.6327853951771826,
    0.6164559048201288,
    0.6001160266148736,
    0.5837880808565434,
    0.5674935007292091,
    0.5512527975917763,
    0.5350855326706654,
    0.5190102949410482,
    0.5030446849274363,
    0.4872053041129828,
    0.47150774961512004,
    0.4559666137630242,
    0.4405954881994866,
    0.4254069721254721,
    0.41041268430916517,
    0.395623278491686,
    0.38104846183793206,
    0.3666970161020494,
    0.35257682120189787,
    0.3386948809245101,
    0.3250573505141541,
    0.3116695659254211,
    0.2985360745552827,
    0.2856606672999571,
    0.2730464118146297,
    0.2606956868868392,
    0.2486102178682663,
    0.23679111314576995,
    0.22523890167242772,
    0.21395357162542344,
    0.20293461031324603,
    0.1921810455247201,
    0.1816914886039116,
    0.17146417965817748,
    0.16149703547677804,
    0.15178770097738448,
    0.14233360534246203,
    0.1331320245114061,
    0.12418015244401845,
    0.11547518470670326,
    0.10701441968692095,
    0.09879538550740143,
    0.09081600517262702,
    0.08307481985440827,
    0.0755713027463012,
    0.06830631781642417,
    0.06128281732372232,
    0.054506945802031755,
    0.0479898610626058,
    0.04175086863931927,
    0.035823053461254965,
    0.030263801626822157,
    0.02517491276323866,
    0.0207398808874586,
    0.017279525097491137,
    0.015265098523825904
  ],
  "meta": {
    "project": "D:\\Simulations\\Simulations\\#IFTX\\teste_app.aedt",
    "design": "Pronto_300Mhz_elevacao 1 face",
    "setup": "Auto1 : LastAdaptive",
    "sphere": "3D_Sphere",
    "freq": "",
    "expr": "dB(GainTotal)",
    "quantity": "GainTotal",
    "function": "dB",
    "lin_mode": "field",
    "view_mode": "Both",
    "timestamp": "2026-02-16T13:52:58",
    "setup_sweep": "Auto1 : LastAdaptive",
    "sphere_name": "3D_Sphere",
    "expression": "dB(GainTotal)",
    "primary_sweep": "Theta",
    "Phi": "0deg",
    "theta_to_elev": 0,
    "phi_domain": "-180..180",
    "mode": "VRP",
    "npts": 181,
    "lin_min": 0.015265098523825904,
    "lin_max": 1.0,
    "db_min": -36.326007766755005,
    "db_max": 0.0,
    "angle_alignment": 1,
    "angle_align_method": "shift_no_interp",
    "angle_peak_target_deg": 0.0,
    "angle_peak_before_deg": 0.0,
    "angle_peak_after_deg": 0.0,
    "angle_shift_deg": 0.0
  }
}