{
  "angles_deg": [
    -90.0,
    -89.0,
    -88.0,
    -87.0,
    -86.0,
    -85.0,
    -84.0,
    -83.0,
    -82.0,
    -81.0,
    -80.0,
    -79.0,
    -78.0,
    -77.0,
    -76.0,
    -75.0,
    -74.0,
    -73.0,
    -72.0,
    -71.0,
    -70.0,
    -69.0,
    -68.0,
    -67.0,
    -66.0,
    -65.0,
    -64.0,
    -63.0,
    -62.0,
    -61.0,
    -60.0,
    -59.0,
    -58.0,
    -57.0,
    -56.0,
    -55.0,
    -54.0,
    -53.0,
    -52.0,
    -51.0,
    -50.0,
    -49.0,
    -48.0,
    -47.0,
    -46.0,
    -45.0,
    -44.0,
    -43.0,
    -42.0,
    -41.0,
    -40.0,
    -39.0,
    -38.0,
    -37.0,
    -36.0,
    -35.0,
    -34.0,
    -33.0,
    -32.0,
    -31.0,
    -30.0,
    -29.0,
    -28.0,
    -27.0,
    -26.0,
    -25.0,
    -24.0,
    -23.0,
    -22.0,
    -21.0,
    -20.0,
    -19.0,
    -18.0,
    -17.0,
    -16.0,
    -15.0,
    -14.0,
    -13.0,
    -12.0,
    -11.0,
    -10.0,
    -9.0,
    -8.0,
    -7.0,
    -6.0,
    -5.0,
    -4.0,
    -3.0,
    -2.0,
    -1.0,
    0.0,
    1.0,
    2.0,
    3.0,
    4.0,
    5.0,
    6.0,
    7.0,
    8.0,
    9.0,
    10.0,
    11.0,
    12.0,
    13.0,
    14.0,
    15.0,
    16.0,
    17.0,
    18.0,
    19.0,
    20.0,
    21.0,
    22.0,
    23.0,
    24.0,
    25.0,
    26.0,
    27.0,
    28.0,
    29.0,
    30.0,
    31.0,
    32.0,
    33.0,
    34.0,
    35.0,
    36.0,
    37.0,
    38.0,
    39.0,
    40.0,
    41.0,
    42.0,
    43.0,
    44.0,
    45.0,
    46.0,
    47.0,
    48.0,
    49.0,
    50.0,
    51.0,
    52.0,
    53.0,
    54.0,
    55.0,
    56.0,
    57.0,
    58.0,
    59.0,
    60.0,
    61.0,
    62.0,
    63.0,
    64.0,
    65.0,
    66.0,
    67.0,
    68.0,
    69.0,
    70.0,
    71.0,
    72.0,
    73.0,
    74.0,
    75.0,
    76.0,
    77.0,
    78.0,
    79.0,
    80.0,
    81.0,
    82.0,
    83.0,
    84.0,
    85.0,
    86.0,
    87.0,
    88.0,
    89.0,
    90.0
  ],
  "values": [
    0.02133491485657766,
    0.0264683681271269,
    0.03196312229744275,
    0.03774510791779381,
    0.04377676433381365,
    0.05003834017438514,
    0.05651946504146653,
    0.06321505566890044,
    0.07012318151036522,
    0.07724387815388058,
    0.08457844793245523,
    0.09212902461052094,
    0.09989828797534518,
    0.10788926703703172,
    0.11610519752035703,
    0.12454941372230342,
    0.13322526279154415,
    0.14213603406996814,
    0.15128489885032625,
    0.16067485755479718,
    0.1703086923671408,
    0.18018892400405312,
    0.19031777173305675,
    0.2006971160201167,
    0.21132846337216948,
    0.22221291306031427,
    0.23335112548919482,
    0.24474329203056883,
    0.25638910617328975,
    0.26828773586402843,
    0.2804377969275128,
    0.29283732746500757,
    0.3054837631375927,
    0.3183739132484412,
    0.3315039375471451,
    0.34486932369036666,
    0.35846486530762034,
    0.3722846406394201,
    0.3863219917378562,
    0.40056950424706295,
    0.4150189878129664,
    0.4296614572079644,
    0.44448711429614723,
    0.45948533100772404,
    0.4746446335363424,
    0.4899526880188389,
    0.5053962880022607,
    0.5209613440460757,
    0.5366328758468579,
    0.5523950073064827,
    0.5682309649914713,
    0.5841230804487831,
    0.6000527968507734,
    0.6160006804378165,
    0.631946437210391,
    0.6478689352925442,
    0.6637462333455021,
    0.6795556153538701,
    0.6952736320381797,
    0.710876149067562,
    0.7263384021565955,
    0.7416350590329601,
    0.7567402881595926,
    0.7716278339891963,
    0.7862710984229706,
    0.8006432280419302,
    0.8147172065811631,
    0.8284659520272332,
    0.8418624176392493,
    0.8548796961268179,
    0.8674911261649815,
    0.8796704003884315,
    0.8913916739855683,
    0.9026296730074848,
    0.9133598015174359,
    0.9235582467319488,
    0.9332020813441639,
    0.9422693622716304,
    0.9507392251326073,
    0.9585919738247177,
    0.9658091646551938,
    0.9723736845505739,
    0.9782698229530719,
    0.9834833370888872,
    0.9880015103682358,
    0.9918132037463081,
    0.9949088999371607,
    0.9972807404278159,
    0.9989225552868783,
    0.999829885800633,
    1.0,
    0.9994319011644583,
    0.998126329404962,
    0.9960857564381207,
    0.9933143736697975,
    0.989818073709305,
    0.9856044254370657,
    0.9806826427504648,
    0.9750635471161002,
    0.9687595240630084,
    0.9617844737617826,
    0.9541537558496003,
    0.9458841286815636,
    0.9369936832146428,
    0.9275017717616878,
    0.917428931889075,
    0.9067968057717117,
    0.8956280553623763,
    0.8839462737773588,
    0.8717758933457318,
    0.8591420908136548,
    0.8460706902363822,
    0.832588064127407,
    0.8187210334650551,
    0.8044967671803591,
    0.7899426817651987,
    0.7750863416455122,
    0.7599553609603872,
    0.744577307373731,
    0.7289796085211514,
    0.713189461661052,
    0.6972337470565252,
    0.6811389455644823,
    0.6649310608517974,
    0.6486355465966136,
    0.6322772389679098,
    0.6158802946096071,
    0.5994681342886025,
    0.5830633923007139,
    0.5666878716660749,
    0.5503625050873673,
    0.5341073215914472,
    0.5179414187283314,
    0.5018829401616706,
    0.4859490584521582,
    0.47015596280979716,
    0.45451885157249033,
    0.4390519291565913,
    0.4237684072193763,
    0.4086805097731611,
    0.39379948199524406,
    0.3791356024862387,
    0.3646981987408362,
    0.3504956656089203,
    0.33653548654055376,
    0.3228242574251918,
    0.30936771285316794,
    0.29617075464590636,
    0.28323748252051734,
    0.27057122677477424,
    0.25817458290063156,
    0.24604944805951542,
    0.2341970593821475,
    0.2226180340919108,
    0.21131241149689484,
    0.20027969695613573,
    0.18951890800650759,
    0.1790286229472034,
    0.1688070323318739,
    0.1588519940337672,
    0.14916109285595605,
    0.1397317061020299,
    0.13056107717290402,
    0.12164640022483804,
    0.11298492039459787,
    0.10457405637222517,
    0.0964115556928656,
    0.08849569891729396,
    0.08082557846332271,
    0.07340149414194885,
    0.06622553590899123,
    0.059302475540974675,
    0.052641183877931756,
    0.04625697141203352,
    0.04017560326255938,
    0.034440430255819554,
    0.02912535819531598,
    0.024358211283861165,
    0.020358424985837127,
    0.017472958942431314,
    0.016117568514519173
  ],
  "meta": {
    "project": "D:\\Simulations\\Simulations\\#IFTX\\teste_app.aedt",
    "design": "Pronto_300Mhz_elevacao 1 face",
    "setup": "Auto1 : LastAdaptive",
    "sphere": "3D_Sphere",
    "freq": "",
    "expr": "dB(GainLHCP)",
    "quantity": "GainLHCP",
    "function": "dB",
    "lin_mode": "field",
    "view_mode": "Both",
    "timestamp": "2026-02-16T12:13:20",
    "setup_sweep": "Auto1 : LastAdaptive",
    "sphere_name": "3D_Sphere",
    "expression": "dB(GainLHCP)",
    "primary_sweep": "Theta",
    "Phi": "0deg",
    "theta_to_elev": 0,
    "phi_domain": "-180..180",
    "mode": "VRP",
    "npts": 181,
    "lin_min": 0.016117568514519173,
    "lin_max": 1.0,
    "db_min": -35.854009499223295,
    "db_max": 0.0,
    "angle_alignment": 1,
    "angle_align_method": "shift_no_interp",
    "angle_peak_target_deg": 0.0,
    "angle_peak_before_deg": 0.0,
    "angle_peak_after_deg": 0.0,
    "angle_shift_deg": 0.0
  }
}